Email,Status
98c8qvqbfz@somoj.com,submitted_no_visible_msg
pbxzg927r7@somoj.com,submitted_no_visible_msg
47durbaj2y@somoj.com,error
709nxws77z@somoj.com,submitted_no_visible_msg
uktxyi5rh1@somoj.com,submitted_no_visible_msg
tx5tq3hkuo@somoj.com,submitted_no_visible_msg
a7xndwq21x@somoj.com,submitted_no_visible_msg
64asld3ek2@somoj.com,submitted_no_visible_msg
kjfzy6noru@somoj.com,error
2sxmd7cuak@somoj.com,submitted_no_visible_msg
p9moyrty4v@somoj.com,submitted_no_visible_msg
06k2isp480@somoj.com,submitted_no_visible_msg
9jg79to4wz@somoj.com,submitted_no_visible_msg
2u29iqwq9i@somoj.com,submitted_no_visible_msg
gxgpwkmfsj@somoj.com,submitted_no_visible_msg
d211eza1u4@somoj.com,submitted_no_visible_msg
da0i7niq8b@somoj.com,submitted_no_visible_msg
0hvkvx5bs9@somoj.com,submitted_no_visible_msg
7ozc9lyfug@somoj.com,submitted_no_visible_msg
kihpgll3gd@somoj.com,submitted_no_visible_msg
4v56kgn9lf@somoj.com,submitted_no_visible_msg
38kxlh3ho8@somoj.com,submitted_no_visible_msg
0mu1t6hrhf@somoj.com,submitted_no_visible_msg
0ppaas236u@somoj.com,submitted_no_visible_msg
0rjki4vuxe@somoj.com,submitted_no_visible_msg
600k7qfb1c@somoj.com,submitted_no_visible_msg
dhxeq2fdig@somoj.com,submitted_no_visible_msg
mypyw6x8tu@somoj.com,submitted_no_visible_msg
d9vvb7pxq9@somoj.com,submitted_no_visible_msg
de5m12serc@somoj.com,submitted_no_visible_msg
0ma03yfok4@somoj.com,submitted_no_visible_msg
03sk35o5sc@somoj.com,submitted_no_visible_msg
qryd8ef2zg@somoj.com,submitted_no_visible_msg
0xculucima@somoj.com,submitted_no_visible_msg
9qsidjezcb@somoj.com,submitted_no_visible_msg
i5er7t6inh@somoj.com,submitted_no_visible_msg
u5hhtxubox@somoj.com,submitted_no_visible_msg
xip492v8g4@somoj.com,submitted_no_visible_msg
9ahijzd9vw@somoj.com,submitted_no_visible_msg
l38ovzci70@somoj.com,submitted_no_visible_msg
tp2i77o4nm@somoj.com,submitted_no_visible_msg
sxrgwpwz30@somoj.com,submitted_no_visible_msg
s9rcd5li97@somoj.com,submitted_no_visible_msg
d2gphb2e0w@somoj.com,submitted_no_visible_msg
6gy2jr2o1n@somoj.com,submitted_no_visible_msg
rx3313zapb@somoj.com,submitted_no_visible_msg
89j6ojg8vb@somoj.com,submitted_no_visible_msg
7hnf3v8pxx@somoj.com,submitted_no_visible_msg
t1w1xk7mmz@somoj.com,submitted_no_visible_msg
b35q7vcdkx@somoj.com,submitted_no_visible_msg
